IncidentID,num_vehicles_involved,eCollisionManner,Longitude,Latitude,InjurySeverity,eIntersectionType,IncidentDateTime,cyclist_citations,driver_citations,nearest_count_site,distance_to_nearest_count_site
2424536,2,ANGLE_FRONT_TO_SIDE,-111.93491482729,33.3925061622718,3,NOT_AT_INTERSECTION_0,"2010/06/25 18:09:00",NO_IMPROPER_ACTION,FAILED_TO_YIELD_RIGHT_OF_WAY_103,141,0.00035935817397
2710673,2,ANGLE_FRONT_TO_SIDE,-111.926280526608,33.4143289061339,3,NOT_REPORTED_255,"2013/03/27 08:59:00",DROVE_RODE_IN_OPPOSING_TRAFFIC_LANE,NO_IMPROPER_ACTION,131,0.00036500862293
2588921,2,HEAD_ON,-111.926280526305,33.4143261577309,3,UNKNOWN_99,"2011/09/18 15:00:00",DROVE_RODE_IN_OPPOSING_TRAFFIC_LANE,NO_IMPROPER_ACTION,131,0.00036739113297
2467692,2,ANGLE_FRONT_TO_SIDE,-111.926279414647,33.4132089490085,2,UNKNOWN_99,"2010/11/04 13:17:00",DROVE_RODE_IN_OPPOSING_TRAFFIC_LANE,NO_IMPROPER_ACTION,136,0.00037294399785
2657937,2,ANGLE_FRONT_TO_SIDE,-111.939444271531,33.4190646641508,3,UNKNOWN_99,"2012/03/15 15:32:00",NO_IMPROPER_ACTION,INATTENTION_DISTRACTION,111,0.00037436852926
2515433,3,ANGLE_FRONT_TO_SIDE,-111.935048787811,33.4146786658799,3,FOUR_WAY_INTERSECTION,"2011/03/25 18:45:00",NO_IMPROPER_ACTION+NO_IMPROPER_ACTION,DISREGARDED_TRAFFIC_SIGNAL,133,0.00037445704717
2523672,2,ANGLE_FRONT_TO_SIDE,-111.925822863192,33.3929578408188,2,UNKNOWN_99,"2011/05/20 16:30:00",NO_IMPROPER_ACTION,OTHER_97,142,0.00037532363329
2479917,2,ANGLE_FRONT_TO_SIDE,-111.926462305673,33.4147591283781,4,FOUR_WAY_INTERSECTION,"2010/12/08 16:11:00",DISREGARDED_TRAFFIC_SIGNAL,NO_IMPROPER_ACTION,131,0.00038176420742
2516447,2,ANGLE_FRONT_TO_SIDE,-111.926472128938,33.4147592096205,3,FOUR_WAY_INTERSECTION,"2011/03/30 12:46:00",DROVE_RODE_IN_OPPOSING_TRAFFIC_LANE,NO_IMPROPER_ACTION,131,0.00039117297921
2785854,2,ANGLE_FRONT_TO_SIDE,-111.926472128938,33.4147592096205,2,UNKNOWN_99,"2013/11/15 11:27:00",OTHER_97,NO_IMPROPER_ACTION,131,0.00039117297921
2338759,2,ANGLE_FRONT_TO_SIDE,-111.941805010787,33.4219343752865,3,NOT_AT_INTERSECTION_0,"2009/08/19 17:07:00",NO_IMPROPER_ACTION,FAILED_TO_YIELD_RIGHT_OF_WAY_103+NOT_APPLICABLE_MINUS_1,119,0.00039413244538
2332450,2,ANGLE_FRONT_TO_SIDE,-111.939827751674,33.4069697127876,2,NOT_AT_INTERSECTION_0,"2009/07/30 16:30:00",OTHER_97,FAILED_TO_YIELD_RIGHT_OF_WAY_103,146,0.00039675872435
2678431,3,LEFT_TURN,-111.926284649177,33.4171327877673,3,UNKNOWN_99,"2012/12/17 09:08:00",NO_IMPROPER_ACTION,MADE_IMPROPER_TURN+NO_IMPROPER_ACTION,135,0.00039735051572
2470547,2,ANGLE_FRONT_TO_SIDE,-111.926478677782,33.4147592637817,1,FOUR_WAY_INTERSECTION,"2010/11/09 12:35:00",OTHER_97,NO_IMPROPER_ACTION,131,0.00039745664609
2353031,2,ANGLE_FRONT_TO_SIDE,-111.926290662019,33.4142957421666,3,NOT_AT_INTERSECTION_0,"2009/10/17 12:52:00",DROVE_RODE_IN_OPPOSING_TRAFFIC_LANE,NO_IMPROPER_ACTION,131,0.0003988730221
2668336,2,LEFT_TURN,-111.926285972764,33.4191385912175,1,T_INTERSECTION,"2012/11/01 08:46:00",FAILED_TO_YIELD_RIGHT_OF_WAY_103,NO_IMPROPER_ACTION,154,0.00040330293043
2595523,2,OTHER_97,-111.926102090543,33.4288350844703,1,FOUR_WAY_INTERSECTION,"2011/11/19 10:24:00",UNKNOWN_99,UNKNOWN_99,103,0.00040992718005
2673729,2,ANGLE_FRONT_TO_SIDE,-111.926098832174,33.4288348983016,3,FOUR_WAY_INTERSECTION,"2012/10/09 14:54:00",FAILED_TO_YIELD_RIGHT_OF_WAY_103,NO_IMPROPER_ACTION,103,0.00041010173274
2675578,2,HEAD_ON,-111.926334453131,33.4191323587716,2,FOUR_WAY_INTERSECTION,"2012/09/12 22:17:00",DROVE_RODE_IN_OPPOSING_TRAFFIC_LANE,NO_IMPROPER_ACTION,154,0.00041068999853
2596167,2,OTHER_97,-111.926156526867,33.4191544145458,1,T_INTERSECTION,"2011/10/05 07:00:00",OTHER_97,NO_IMPROPER_ACTION,154,0.00041150977032
2343019,2,LEFT_TURN,-111.935083621242,33.4146978084742,1,FOUR_WAY_INTERSECTION,"2009/09/26 14:43:00",NO_IMPROPER_ACTION,FAILED_TO_YIELD_RIGHT_OF_WAY_103,133,0.00041386462713
2340799,2,LEFT_TURN,-111.939585238971,33.3924391188088,2,NOT_AT_INTERSECTION_0,"2009/09/09 13:31:00",OTHER_97,NO_IMPROPER_ACTION,144,0.000415920021
2517430,2,ANGLE_FRONT_TO_SIDE,-111.926299497652,33.4216286512412,3,T_INTERSECTION,"2011/04/25 13:11:00",DROVE_RODE_IN_OPPOSING_TRAFFIC_LANE,NO_IMPROPER_ACTION,117,0.00041634905621
2232370,2,ANGLE_FRONT_TO_SIDE,-111.926297784112,33.4191493585868,3,T_INTERSECTION,"2009/01/06 09:04:00",NO_IMPROPER_ACTION,OTHER_UNSAFE_PASSING,154,0.00041648857814
2269197,2,ANGLE_FRONT_TO_SIDE,-111.926297854662,33.4191494121245,3,T_INTERSECTION,"2009/02/04 15:21:00",DROVE_RODE_IN_OPPOSING_TRAFFIC_LANE,FAILED_TO_YIELD_RIGHT_OF_WAY_103,154,0.00041655746298
2356529,2,OTHER_97,-111.926297854662,33.4191494121245,4,T_INTERSECTION,"2009/10/25 04:44:00",FAILED_TO_YIELD_RIGHT_OF_WAY_103,NO_IMPROPER_ACTION+NOT_APPLICABLE_MINUS_1,154,0.00041655746298
2396205,2,ANGLE_FRONT_TO_SIDE,-111.940037622711,33.4296219032996,4,FOUR_WAY_INTERSECTION,"2010/03/24 15:54:00",DISREGARDED_TRAFFIC_SIGNAL,NO_IMPROPER_ACTION+NOT_APPLICABLE_MINUS_1,102,0.00041796194693
2570327,2,UNKNOWN_99,-111.940037622711,33.4296219032996,3,FOUR_WAY_INTERSECTION,"2011/10/02 23:32:00",UNKNOWN_99,UNKNOWN_99,102,0.00041796194693
2678806,2,ANGLE_FRONT_TO_SIDE,-111.940037622711,33.4296219032996,2,FOUR_WAY_INTERSECTION,"2012/12/13 12:49:00",NO_IMPROPER_ACTION,FAILED_TO_YIELD_RIGHT_OF_WAY_103,102,0.00041796194693
2722902,2,ANGLE_FRONT_TO_SIDE,-111.940037622711,33.4296219032996,3,FOUR_WAY_INTERSECTION,"2013/05/14 05:14:00",OTHER_97,NO_IMPROPER_ACTION,102,0.00041796194693
2274907,2,LEFT_TURN,-111.9262104242,33.4288402731424,1,FOUR_WAY_INTERSECTION,"2009/02/26 16:09:00",DISREGARDED_TRAFFIC_SIGNAL,NO_IMPROPER_ACTION,103,0.00041978468482
2599152,2,ANGLE_FRONT_TO_SIDE,-111.92628051934,33.4142629444594,1,NOT_REPORTED_255,"2012/02/14 15:21:00",OTHER_97,NO_IMPROPER_ACTION,131,0.0004234143899
2479184,2,UNKNOWN_99,-111.926280311246,33.4132638516701,3,NOT_AT_INTERSECTION_0,"2010/12/11 15:18:00",DROVE_RODE_IN_OPPOSING_TRAFFIC_LANE,NOT_APPLICABLE_MINUS_1+NO_IMPROPER_ACTION,136,0.00042686281493
2380704,2,REAR_TO_SIDE,-111.900569478444,33.3920410703081,2,NOT_AT_INTERSECTION_0,"2010/01/26 19:02:00",DROVE_RODE_IN_OPPOSING_TRAFFIC_LANE,INATTENTION_DISTRACTION,149,0.00042981260361
2655776,2,ANGLE_FRONT_TO_SIDE,-111.926299500969,33.4216149095962,3,NOT_REPORTED_255,"2012/06/25 21:04:00",OTHER_97,INATTENTION_DISTRACTION,117,0.00043009069556
2443529,2,UNKNOWN_99,-111.926277209997,33.4288459365539,3,UNKNOWN_99,"2010/08/19 11:15:00",INATTENTION_DISTRACTION,NO_IMPROPER_ACTION,103,0.00043704740824
2514645,2,ANGLE_FRONT_TO_SIDE,-111.926277209997,33.4288459365539,1,FOUR_WAY_INTERSECTION,"2011/04/13 19:18:00",DROVE_RODE_IN_OPPOSING_TRAFFIC_LANE,NO_IMPROPER_ACTION,103,0.00043704740824
2599164,2,ANGLE_FRONT_TO_SIDE,-111.925849775548,33.4220247504487,1,NOT_REPORTED_255,"2012/02/03 12:09:00",OTHER_97,NO_IMPROPER_ACTION,117,0.00044968061177
2570041,2,ANGLE_FRONT_TO_SIDE,-111.925846498417,33.4220247467253,1,UNKNOWN_99,"2011/08/27 12:04:00",OTHER_97,NO_IMPROPER_ACTION,117,0.00045295460893
2541748,2,ANGLE_FRONT_TO_SIDE,-111.939952110214,33.3928562917745,3,UNKNOWN_99,"2011/06/20 16:26:00",NO_IMPROPER_ACTION,INATTENTION_DISTRACTION,144,0.00045322708067
2655446,2,ANGLE_FRONT_TO_SIDE,-111.960951588545,33.4260458241751,1,NOT_REPORTED_255,"2012/05/11 08:51:00",DROVE_RODE_IN_OPPOSING_TRAFFIC_LANE,NO_IMPROPER_ACTION,110,0.00045481776408
2268873,2,ANGLE_FRONT_TO_SIDE,-111.926305347487,33.4162914627958,3,NOT_AT_INTERSECTION_0,"2009/02/04 17:01:00",OTHER_97,NO_IMPROPER_ACTION,135,0.00046606810507
2668315,2,ANGLE_FRONT_TO_SIDE,-111.93696853315,33.4255100346068,2,NOT_AT_INTERSECTION_0,"2012/10/18 17:54:00",UNSAFE_LANE_CHANGE,NOT_APPLICABLE_MINUS_1+NO_IMPROPER_ACTION+NOT_APPLICABLE_MINUS_1,107,0.00047401569492
2445966,2,ANGLE_FRONT_TO_SIDE,-111.952670264603,33.4219088425057,3,NOT_AT_INTERSECTION_0,"2010/09/23 08:22:00",DROVE_RODE_IN_OPPOSING_TRAFFIC_LANE,OTHER_97,121,0.00047556933415
2570035,2,ANGLE_FRONT_TO_SIDE,-111.908628393299,33.4074968097665,4,UNKNOWN_99,"2011/07/04 10:38:00",DROVE_RODE_IN_OPPOSING_TRAFFIC_LANE,NO_IMPROPER_ACTION,159,0.00048284165163
2757180,2,ANGLE_FRONT_TO_SIDE,-111.918331618598,33.4220160969888,2,NOT_REPORTED_255,"2013/09/03 14:11:00",NO_IMPROPER_ACTION,FAILED_TO_YIELD_RIGHT_OF_WAY_103+NOT_APPLICABLE_MINUS_1,116,0.00048322254738
2713309,2,ANGLE_FRONT_TO_SIDE,-111.925627310634,33.4147561912021,3,NOT_AT_INTERSECTION_0,"2013/04/14 15:04:00",NO_IMPROPER_ACTION,UNKNOWN_99,131,0.00048364445897
2289735,2,LEFT_TURN,-111.922571306024,33.4168846317724,2,FOUR_WAY_INTERSECTION,"2009/04/09 09:46:00",NO_IMPROPER_ACTION,FAILED_TO_YIELD_RIGHT_OF_WAY_103,155,0.00048367793202
2290099,2,REAR_END,-111.926495691742,33.4191294189997,1,T_INTERSECTION,"2009/04/13 06:27:00",NO_IMPROPER_ACTION,INATTENTION_DISTRACTION,154,0.00048620812477
2631158,2,ANGLE_FRONT_TO_SIDE,-111.909112857323,33.4069468164646,2,UNKNOWN_99,"2012/05/03 12:20:00",OTHER_97,NO_IMPROPER_ACTION,159,0.00048621881733
2343784,2,ANGLE_FRONT_TO_SIDE,-111.926399118689,33.4288538621704,3,FOUR_WAY_INTERSECTION,"2009/09/30 17:28:00",FAILED_TO_YIELD_RIGHT_OF_WAY_103,NO_IMPROPER_ACTION,103,0.00049301118572
2312094,2,ANGLE_FRONT_TO_SIDE,-111.926412132247,33.4288547979662,3,FOUR_WAY_INTERSECTION,"2009/06/02 18:10:00",FAILED_TO_YIELD_RIGHT_OF_WAY_103,NO_IMPROPER_ACTION,103,0.0005003093356
2470781,2,ANGLE_FRONT_TO_SIDE,-111.922517946314,33.4168556549211,3,UNKNOWN_99,"2010/11/21 22:38:00",NO_IMPROPER_ACTION,OTHER_UNSAFE_PASSING+NOT_APPLICABLE_MINUS_1,155,0.00051361205997
2514588,2,ANGLE_FRONT_TO_SIDE,-111.90911183541,33.4079497726745,3,UNKNOWN_99,"2011/04/16 00:33:00",NO_IMPROPER_ACTION,OTHER_97,159,0.00051679529632
2490517,2,ANGLE_FRONT_TO_SIDE,-111.918216517531,33.4147639293275,4,UNKNOWN_99,"2011/01/29 01:44:00",DROVE_RODE_IN_OPPOSING_TRAFFIC_LANE,NOT_APPLICABLE_MINUS_1+NOT_APPLICABLE_MINUS_1+OTHER_97,132,0.00051886293892
2611677,2,ANGLE_FRONT_TO_SIDE,-111.926273633744,33.4123309281149,1,NOT_REPORTED_255,"2012/03/21 08:09:00",DROVE_RODE_IN_OPPOSING_TRAFFIC_LANE,NO_IMPROPER_ACTION,136,0.00051960597214
2699611,2,LEFT_TURN,-111.925777678679,33.4220246685137,3,UNKNOWN_99,"2013/02/26 18:02:00",NO_IMPROPER_ACTION,FAILED_TO_YIELD_RIGHT_OF_WAY_103,117,0.00052171763346
2680126,2,OTHER_97,-111.926609864421,33.4147592515773,3,FOUR_WAY_INTERSECTION,"2012/12/19 18:47:00",DROVE_RODE_IN_OPPOSING_TRAFFIC_LANE,NO_IMPROPER_ACTION,131,0.00052446030203
2786300,2,ANGLE_FRONT_TO_SIDE,-111.92627360608,33.4123226848681,1,NOT_REPORTED_255,"2013/10/25 15:02:00",OTHER_97,NO_IMPROPER_ACTION,136,0.00052775882403
2324433,2,ANGLE_FRONT_TO_SIDE,-111.945973452457,33.378032777686,3,T_INTERSECTION,"2009/07/20 18:33:00",DROVE_RODE_IN_OPPOSING_TRAFFIC_LANE,NOT_APPLICABLE_MINUS_1+NO_IMPROPER_ACTION+NOT_APPLICABLE_MINUS_1,126,0.00053074663154
2304547,2,ANGLE_FRONT_TO_SIDE,-111.945973474927,33.3780355245181,2,FOUR_WAY_INTERSECTION,"2009/05/28 10:51:00",NOT_APPLICABLE_MINUS_1+OTHER_97,NO_IMPROPER_ACTION,126,0.00053116282797
2505649,2,ANGLE_FRONT_TO_SIDE,-111.940034280674,33.392855683632,3,UNKNOWN_99,"2011/03/01 19:19:00",DROVE_RODE_IN_OPPOSING_TRAFFIC_LANE,OTHER_97,144,0.00053536825895
2574021,2,REAR_END,-111.940005197318,33.4249497719172,3,UNKNOWN_99,"2011/10/12 15:48:00",INATTENTION_DISTRACTION,NOT_APPLICABLE_MINUS_1+NOT_APPLICABLE_MINUS_1+NOT_APPLICABLE_MINUS_1+NO_IMPROPER_ACTION,106,0.000536440293
2404558,2,SIDESWIPE_SAME_DIRECTION,-111.945973485868,33.3780717028028,3,T_INTERSECTION,"2010/04/02 15:00:00",NO_IMPROPER_ACTION,FAILED_TO_YIELD_RIGHT_OF_WAY_103+NOT_APPLICABLE_MINUS_1,126,0.00053764646826
2740158,2,ANGLE_FRONT_TO_SIDE,-111.945973544138,33.3780744469986,2,NOT_AT_INTERSECTION_0,"2013/07/01 10:40:00",OTHER_97,NO_IMPROPER_ACTION,126,0.00053829039047
2636256,2,ANGLE_FRONT_TO_SIDE,-111.940037554922,33.3928556619807,1,UNKNOWN_99,"2012/07/27 19:00:00",DROVE_RODE_IN_OPPOSING_TRAFFIC_LANE,NO_IMPROPER_ACTION,144,0.00053864158574
2443738,2,LEFT_TURN,-111.926271034455,33.4079646573032,2,NOT_AT_INTERSECTION_0,"2010/08/30 11:33:00",OTHER_97,NO_IMPROPER_ACTION,138,0.00054770853141
2592077,2,ANGLE_FRONT_TO_SIDE,-111.926280504199,33.4141255243018,3,NOT_REPORTED_255,"2011/09/16 16:51:00",DROVE_RODE_IN_OPPOSING_TRAFFIC_LANE,NOT_APPLICABLE_MINUS_1+NO_IMPROPER_ACTION,131,0.00055060220093
2797516,2,LEFT_TURN,-111.926285293141,33.4162005760212,1,UNKNOWN_99,"2013/12/13 12:41:00",NO_IMPROPER_ACTION,FAILED_TO_YIELD_RIGHT_OF_WAY_103+NOT_APPLICABLE_MINUS_1,135,0.00055137787511
2786968,2,ANGLE_FRONT_TO_SIDE,-111.926281223838,33.4151692315203,3,NOT_REPORTED_255,"2013/10/31 12:44:00",FAILED_TO_YIELD_RIGHT_OF_WAY_103,NOT_APPLICABLE_MINUS_1+NO_IMPROPER_ACTION+NOT_APPLICABLE_MINUS_1,131,0.00055532842687
2756363,2,OTHER_97,-111.93989492618,33.4296365364716,2,FOUR_WAY_INTERSECTION,"2013/08/20 10:39:00",NO_IMPROPER_ACTION,INATTENTION_DISTRACTION+NOT_APPLICABLE_MINUS_1,102,0.00055764262258
2514586,2,ANGLE_FRONT_TO_SIDE,-111.90853991435,33.4074968040028,3,UNKNOWN_99,"2011/04/20 17:35:00",DROVE_RODE_IN_OPPOSING_TRAFFIC_LANE,NO_IMPROPER_ACTION,159,0.00057066372341
2599102,2,OTHER_97,-111.926314376609,33.3935064561899,2,UNKNOWN_99,"2012/01/01 19:48:00",OTHER_97,NO_IMPROPER_ACTION+NOT_APPLICABLE_MINUS_1,142,0.00057241126466
2788621,2,SIDESWIPE_SAME_DIRECTION,-111.917384106784,33.4220142117411,3,UNKNOWN_99,"2013/11/22 00:37:00",NO_IMPROPER_ACTION,FAILED_TO_KEEP_IN_PROPER_LANE,116,0.00057568985948
2497792,3,ANGLE_FRONT_TO_SIDE,-111.947256015377,33.4073715833188,2,UNKNOWN_99,"2011/02/27 14:25:00",OTHER_97+OTHER_97,INATTENTION_DISTRACTION,162,0.00057774276058
2592118,2,ANGLE_FRONT_TO_SIDE,-111.926281293263,33.4151939622458,2,NOT_AT_INTERSECTION_0,"2011/10/25 15:07:00",OTHER_97,NO_IMPROPER_ACTION,131,0.00057875380567
2587672,2,OTHER_97,-111.926281300977,33.4151967101041,2,NOT_AT_INTERSECTION_0,"2011/09/19 14:20:00",DROVE_RODE_IN_OPPOSING_TRAFFIC_LANE,NO_IMPROPER_ACTION,131,0.00058136330047
2423875,2,SIDESWIPE_SAME_DIRECTION,-111.940083394406,33.3928553588537,2,NOT_AT_INTERSECTION_0,"2010/06/15 16:34:00",INATTENTION_DISTRACTION,OTHER_97,144,0.00058446934044
2790343,2,ANGLE_FRONT_TO_SIDE,-111.90852352936,33.4074968029285,2,NOT_AT_INTERSECTION_0,"2013/12/04 17:44:00",KNOWINGLY_OPERATED_WITH_FAULTY_MISSING_EQUIPMENT,FAILED_TO_KEEP_IN_PROPER_LANE,159,0.0005869487213
2595568,2,ANGLE_FRONT_TO_SIDE,-111.952784901736,33.4219095475021,2,NOT_AT_INTERSECTION_0,"2012/02/09 14:39:00",OTHER_97,NO_IMPROPER_ACTION,121,0.00058944654065
2404546,2,ANGLE_FRONT_TO_SIDE,-111.928546585597,33.4147417531014,1,NOT_AT_INTERSECTION_0,"2010/04/02 09:37:00",INATTENTION_DISTRACTION,NO_IMPROPER_ACTION,134,0.00059517560432
2666648,2,ANGLE_FRONT_TO_SIDE,-111.939365638873,33.3787500016824,1,FOUR_WAY_INTERSECTION,"2012/11/02 16:20:00",SPEED_TOO_FAST_FOR_CONDITIONS,NOT_APPLICABLE_MINUS_1+NO_IMPROPER_ACTION+NOT_APPLICABLE_MINUS_1,147,0.000607777138
2392571,3,REAR_END,-111.939602241545,33.3934526301389,1,NOT_AT_INTERSECTION_0,"2010/02/23 16:34:00",NO_IMPROPER_ACTION,INATTENTION_DISTRACTION+NO_IMPROPER_ACTION,144,0.00061535269727
2662523,2,HEAD_ON,-111.900543274415,33.3929758324539,2,FOUR_WAY_INTERSECTION,"2012/08/03 05:47:00",DISREGARDED_TRAFFIC_SIGNAL,NO_IMPROPER_ACTION,149,0.00061728427826
2588877,2,ANGLE_FRONT_TO_SIDE,-111.925679364767,33.4220245567166,2,UNKNOWN_99,"2011/09/30 08:28:00",DROVE_RODE_IN_OPPOSING_TRAFFIC_LANE,NO_IMPROPER_ACTION,117,0.00061997237826
2430153,2,ANGLE_FRONT_TO_SIDE,-111.909112869217,33.406809396144,1,NOT_AT_INTERSECTION_0,"2010/07/19 17:30:00",OTHER_97,NO_IMPROPER_ACTION,159,0.00062363147525
2786267,2,SIDESWIPE_SAME_DIRECTION,-111.939602375517,33.3934636141431,1,UNKNOWN_99,"2013/10/18 15:15:00",OTHER_97,FAILED_TO_YIELD_RIGHT_OF_WAY_103,144,0.00062620581862
2446030,2,LEFT_TURN,-111.922405332585,33.41675596731,3,FOUR_WAY_INTERSECTION,"2010/09/21 16:38:00",NO_IMPROPER_ACTION,NOT_APPLICABLE_MINUS_1+FAILED_TO_YIELD_RIGHT_OF_WAY_103,155,0.00062983014688
2289725,2,LEFT_TURN,-111.926308977118,33.4181186233671,3,NOT_AT_INTERSECTION_0,"2009/04/09 12:07:00",INATTENTION_DISTRACTION,NO_IMPROPER_ACTION,154,0.00063613175283
2513484,2,ANGLE_FRONT_TO_SIDE,-111.95196689538,33.3922105491153,1,FOUR_WAY_INTERSECTION,"2011/04/01 18:51:00",RAN_STOP_SIGN,NO_IMPROPER_ACTION,143,0.000636261372
2715126,2,SIDESWIPE_SAME_DIRECTION,-111.926298045056,33.4226836691038,1,UNKNOWN_99,"2013/04/10 13:25:00",OTHER_97,NO_IMPROPER_ACTION,117,0.00063866981772
2657045,2,ANGLE_FRONT_TO_SIDE,-111.926314499485,33.3935751580282,2,NOT_AT_INTERSECTION_0,"2012/09/10 13:02:00",NO_IMPROPER_ACTION,FAILED_TO_YIELD_RIGHT_OF_WAY_103,142,0.00063985307255
2657055,2,ANGLE_FRONT_TO_SIDE,-111.908444888278,33.4074967319179,3,NOT_AT_INTERSECTION_0,"2012/08/27 10:42:00",NO_IMPROPER_ACTION,FAILED_TO_YIELD_RIGHT_OF_WAY_103,159,0.00066517192498
2344022,2,LEFT_TURN,-111.952229064657,33.422516698261,2,NOT_AT_INTERSECTION_0,"2009/09/28 12:17:00",OTHER_97,NO_IMPROPER_ACTION,121,0.00067237075891
2736435,2,ANGLE_FRONT_TO_SIDE,-111.938617911868,33.3782099149675,3,UNKNOWN_99,"2013/06/12 06:45:00",NO_IMPROPER_ACTION,FAILED_TO_YIELD_RIGHT_OF_WAY_103,147,0.00068308490714
2647994,3,ANGLE_FRONT_TO_SIDE,-111.944968188276,33.4218928032243,1,NOT_AT_INTERSECTION_0,"2012/04/02 13:02:00",OTHER_97+OTHER_97,NO_IMPROPER_ACTION,163,0.00070218929586
2233397,2,SIDESWIPE_SAME_DIRECTION,-111.940510512408,33.425481446989,3,NOT_AT_INTERSECTION_0,"2009/01/13 20:20:00",NO_IMPROPER_ACTION,MADE_IMPROPER_TURN,106,0.00071244528895
2337693,2,SIDESWIPE_SAME_DIRECTION,-111.942911805171,33.4219283726175,3,NOT_AT_INTERSECTION_0,"2009/08/28 17:05:00",NO_IMPROPER_ACTION,INATTENTION_DISTRACTION,119,0.00071299907548
2675394,2,ANGLE_FRONT_TO_SIDE,-111.939795368679,33.4066292390204,2,UNKNOWN_99,"2012/10/04 09:58:00",NO_IMPROPER_ACTION,OTHER_97,146,0.00072221928956
2593560,2,LEFT_TURN,-111.952201458537,33.4211154714621,4,T_INTERSECTION,"2011/09/15 20:33:00",DISREGARDED_TRAFFIC_SIGNAL,NO_IMPROPER_ACTION+NOT_APPLICABLE_MINUS_1,121,0.00072953268056
2689160,2,ANGLE_FRONT_TO_SIDE,-111.926271155228,33.4081570383982,3,UNKNOWN_99,"2013/01/28 16:30:00",DROVE_RODE_IN_OPPOSING_TRAFFIC_LANE,NO_IMPROPER_ACTION,138,0.00073279015652
2766888,2,ANGLE_FRONT_TO_SIDE,-111.900542980523,33.3931022139089,2,NOT_AT_INTERSECTION_0,"2013/10/07 14:10:00",OTHER_97,NO_IMPROPER_ACTION,149,0.00073496851476
2378797,2,ANGLE_FRONT_TO_SIDE,-111.926329861718,33.3995454615903,3,NOT_AT_INTERSECTION_0,"2010/01/12 16:23:00",NO_IMPROPER_ACTION,FAILED_TO_YIELD_RIGHT_OF_WAY_103,129,0.00073791186448
2611314,2,ANGLE_FRONT_TO_SIDE,-111.946146470586,33.3781974899638,2,FOUR_WAY_INTERSECTION,"2012/03/22 16:46:00",UNKNOWN_99,UNKNOWN_99+NOT_APPLICABLE_MINUS_1,126,0.00073838784001
2566637,2,ANGLE_FRONT_TO_SIDE,-111.943358981953,33.4253942763478,1,FOUR_WAY_INTERSECTION,"2011/08/05 11:03:00",OTHER_97,NO_IMPROPER_ACTION,108,0.00074175440597
2460285,2,LEFT_TURN,-111.926271163854,33.4081707799048,2,UNKNOWN_99,"2010/10/14 21:29:00",NO_IMPROPER_ACTION,OTHER_97,138,0.00074615158684
2376792,2,ANGLE_FRONT_TO_SIDE,-111.925551260541,33.4220360597568,3,NOT_AT_INTERSECTION_0,"2010/01/29 15:12:00",NO_IMPROPER_ACTION,FAILED_TO_YIELD_RIGHT_OF_WAY_103,117,0.00074779290348
2714844,2,ANGLE_FRONT_TO_SIDE,-111.891960785349,33.4212638975789,1,UNKNOWN_99,"2013/04/11 14:05:00",DROVE_RODE_IN_OPPOSING_TRAFFIC_LANE,NO_IMPROPER_ACTION,161,0.00074913315122
2655635,2,ANGLE_FRONT_TO_SIDE,-111.909111077164,33.4081833329764,2,NOT_REPORTED_255,"2012/04/26 06:47:00",NO_IMPROPER_ACTION,SPEED_TOO_FAST_FOR_CONDITIONS,159,0.00075034405358
2592144,2,HEAD_ON,-111.943357431121,33.4255749486488,3,FOUR_WAY_INTERSECTION,"2011/11/03 21:23:00",DROVE_RODE_IN_OPPOSING_TRAFFIC_LANE,NO_IMPROPER_ACTION,108,0.00075286855002
2351357,2,SIDESWIPE_SAME_DIRECTION,-111.909101224315,33.4081916217183,3,NOT_AT_INTERSECTION_0,"2009/10/11 19:20:00",NO_IMPROPER_ACTION,INATTENTION_DISTRACTION,159,0.00075864370426