IncidentID,num_vehicles_involved,eCollisionManner,Longitude,Latitude,InjurySeverity,eIntersectionType,IncidentDateTime,cyclist_citations,driver_citations,nearest_count_site,distance_to_nearest_count_site
2443750,2,ANGLE_FRONT_TO_SIDE,-111.934048112748,33.4219591747398,3,NOT_AT_INTERSECTION_0,"2010/08/25 20:29:00",INATTENTION_DISTRACTION,NO_IMPROPER_ACTION+NOT_APPLICABLE_MINUS_1,115,0.0007595179632
2587151,2,ANGLE_FRONT_TO_SIDE,-111.92628501039,33.4159882846753,1,NOT_REPORTED_255,"2011/10/12 20:31:00",OTHER_97,NO_IMPROPER_ACTION,135,0.00076170131325
2353136,2,ANGLE_FRONT_TO_SIDE,-111.939577768407,33.3920851163757,2,NOT_AT_INTERSECTION_0,"2009/10/22 11:42:00",FAILED_TO_YIELD_RIGHT_OF_WAY_103,NO_IMPROPER_ACTION,144,0.00076494990141
2682418,2,OTHER_97,-111.960744284826,33.4067746592701,3,NOT_AT_INTERSECTION_0,"2013/01/09 12:08:00",OTHER_97,NO_IMPROPER_ACTION,137,0.00077167062637
2460206,2,ANGLE_FRONT_TO_SIDE,-111.926285009178,33.4159772910658,1,UNKNOWN_99,"2010/10/06 18:24:00",OTHER_97,NO_IMPROPER_ACTION,135,0.00077262384425
2276163,2,SIDESWIPE_SAME_DIRECTION,-111.926873556287,33.4147707657578,2,NOT_AT_INTERSECTION_0,"2009/03/03 09:29:00",INATTENTION_DISTRACTION,NO_IMPROPER_ACTION,131,0.00078568732977
2663018,2,ANGLE_FRONT_TO_SIDE,-111.94058378338,33.4254981888363,2,FOUR_WAY_INTERSECTION,"2012/10/16 17:30:00",NO_IMPROPER_ACTION,FAILED_TO_YIELD_RIGHT_OF_WAY_103,106,0.00078658375641
2757151,2,ANGLE_FRONT_TO_SIDE,-111.935706813321,33.4219496815711,2,NOT_AT_INTERSECTION_0,"2013/09/05 10:31:00",OTHER_97,NO_IMPROPER_ACTION,151,0.00079907319171
2291419,2,SIDESWIPE_SAME_DIRECTION,-111.926296080679,33.4082241231774,3,NOT_AT_INTERSECTION_0,"2009/04/23 17:24:00",NO_IMPROPER_ACTION,FAILED_TO_YIELD_RIGHT_OF_WAY_103,138,0.00080390850285
2496173,2,ANGLE_FRONT_TO_SIDE,-111.939794135915,33.4065441274513,3,UNKNOWN_99,"2011/02/10 10:07:00",DROVE_RODE_IN_OPPOSING_TRAFFIC_LANE,NOT_APPLICABLE_MINUS_1+NO_IMPROPER_ACTION,146,0.00080650336737
2647253,2,ANGLE_FRONT_TO_SIDE,-111.926280447256,33.4138507010316,3,NOT_REPORTED_255,"2012/04/11 13:30:00",DROVE_RODE_IN_OPPOSING_TRAFFIC_LANE,NO_IMPROPER_ACTION,131,0.00081498334488
2386206,2,ANGLE_FRONT_TO_SIDE,-111.940514540907,33.4074003024374,3,NOT_AT_INTERSECTION_0,"2010/02/09 19:13:00",OTHER_97,NO_IMPROPER_ACTION,146,0.0008174138062
2757281,2,ANGLE_FRONT_TO_SIDE,-111.925368742164,33.4128740803819,3,UNKNOWN_99,"2013/08/30 17:25:00",OTHER_97,NO_IMPROPER_ACTION,136,0.00082976757419
2712080,2,HEAD_ON,-111.926920883838,33.4147561498084,3,UNKNOWN_99,"2013/04/04 09:46:00",DROVE_RODE_IN_OPPOSING_TRAFFIC_LANE,NO_IMPROPER_ACTION,131,0.00083035660456
2415137,2,ANGLE_FRONT_TO_SIDE,-111.925256385186,33.4075089693234,2,NOT_AT_INTERSECTION_0,"2010/05/13 19:14:00",DROVE_RODE_IN_OPPOSING_TRAFFIC_LANE,NO_IMPROPER_ACTION+NOT_APPLICABLE_MINUS_1,138,0.00084404239791
2467647,2,ANGLE_FRONT_TO_SIDE,-111.943043561808,33.4219205596654,3,UNKNOWN_99,"2010/11/05 15:13:00",DROVE_RODE_IN_OPPOSING_TRAFFIC_LANE,NO_IMPROPER_ACTION,119,0.00084491536705
2522864,2,ANGLE_FRONT_TO_SIDE,-111.940144104559,33.3782234413555,2,NOT_REPORTED_255,"2011/05/17 07:58:00",OTHER_97,NO_IMPROPER_ACTION,147,0.00084964115267
2394798,2,ANGLE_FRONT_TO_SIDE,-111.933956446544,33.421960191546,1,NOT_AT_INTERSECTION_0,"2010/03/04 13:35:00",NO_IMPROPER_ACTION,MADE_IMPROPER_TURN,115,0.00085039133255
2391343,2,REAR_END,-111.940003314168,33.4246169251889,3,NOT_AT_INTERSECTION_0,"2010/02/15 19:17:00",SPEED_TOO_FAST_FOR_CONDITIONS,NO_IMPROPER_ACTION,106,0.00085290806775
2586180,2,OTHER_97,-111.938642805066,33.392868076429,3,NOT_REPORTED_255,"2011/11/08 19:32:00",INATTENTION_DISTRACTION,NO_IMPROPER_ACTION,144,0.00085647949989
2380019,2,ANGLE_FRONT_TO_SIDE,-111.943066184704,33.4219276240169,3,NOT_AT_INTERSECTION_0,"2010/01/20 18:53:00",NO_IMPROPER_ACTION,FAILED_TO_YIELD_RIGHT_OF_WAY_103,119,0.00086735876984
2786205,2,SIDESWIPE_SAME_DIRECTION,-111.90911069358,33.4083014870082,2,NOT_AT_INTERSECTION_0,"2013/11/25 03:23:00",NO_IMPROPER_ACTION,INATTENTION_DISTRACTION,159,0.00086849486236
2363207,2,OTHER_97,-111.936675663676,33.4226965508795,1,NOT_AT_INTERSECTION_0,"2009/11/18 11:16:00",NO_IMPROPER_ACTION,OTHER_97,151,0.0008696832497
2511383,2,ANGLE_FRONT_TO_SIDE,-111.938610070882,33.3928683720842,2,NOT_REPORTED_255,"2011/02/21 21:02:00",DROVE_RODE_IN_OPPOSING_TRAFFIC_LANE,NO_IMPROPER_ACTION,144,0.00088921059765
2678102,2,ANGLE_FRONT_TO_SIDE,-111.938610070882,33.3928683720842,1,UNKNOWN_99,"2012/12/05 12:30:00",DROVE_RODE_IN_OPPOSING_TRAFFIC_LANE,FAILED_TO_YIELD_RIGHT_OF_WAY_103,144,0.00088921059765
2593050,2,ANGLE_FRONT_TO_SIDE,-111.943370588738,33.4219033296205,3,NOT_REPORTED_255,"2012/02/24 14:21:00",DID_NOT_USE_CROSSWALK,NO_IMPROPER_ACTION+NOT_APPLICABLE_MINUS_1,163,0.00089545986505
2701296,2,ANGLE_FRONT_TO_SIDE,-111.943095837834,33.4219189753943,2,UNKNOWN_99,"2013/02/28 14:27:00",NO_IMPROPER_ACTION,OTHER_97+NOT_APPLICABLE_MINUS_1,119,0.00089721534794
2517473,2,SIDESWIPE_SAME_DIRECTION,-111.959802374117,33.3928734460409,2,UNKNOWN_99,"2011/04/08 15:36:00",NO_IMPROPER_ACTION,OTHER_97,140,0.00090707203074
2596066,2,ANGLE_FRONT_TO_SIDE,-111.925190845215,33.4075089738433,1,NOT_REPORTED_255,"2012/01/04 20:00:00",OTHER_97,NO_IMPROPER_ACTION+NOT_APPLICABLE_MINUS_1,138,0.00090940775044
2487891,2,ANGLE_FRONT_TO_SIDE,-111.927003664497,33.4147553241129,3,T_INTERSECTION,"2011/01/14 01:58:00",DROVE_RODE_IN_OPPOSING_TRAFFIC_LANE,NO_IMPROPER_ACTION,131,0.0009123593541
2592227,2,LEFT_TURN,-111.926282280649,33.4155456881085,2,NOT_REPORTED_255,"2011/11/14 09:39:00",NO_IMPROPER_ACTION,OTHER_97,131,0.00091934673894
2665130,2,ANGLE_FRONT_TO_SIDE,-111.93376734803,33.4146941758146,2,UNKNOWN_99,"2012/08/24 13:35:00",DROVE_RODE_IN_OPPOSING_TRAFFIC_LANE,NO_IMPROPER_ACTION+NOT_APPLICABLE_MINUS_1,133,0.0009435193781
2557517,2,SIDESWIPE_SAME_DIRECTION,-111.939606394699,33.3937931342591,1,NOT_REPORTED_255,"2011/07/13 17:30:00",NO_IMPROPER_ACTION,UNSAFE_LANE_CHANGE,144,0.0009532035072
2470751,2,ANGLE_FRONT_TO_SIDE,-111.946135505968,33.4218942396791,2,UNKNOWN_99,"2010/11/30 08:39:00",DROVE_RODE_IN_OPPOSING_TRAFFIC_LANE,NO_IMPROPER_ACTION,120,0.00096475141652
2496501,2,LEFT_TURN,-111.925331988949,33.422024161076,2,UNKNOWN_99,"2011/02/03 12:01:00",NO_IMPROPER_ACTION,MADE_IMPROPER_TURN,117,0.00096723556258
2720648,2,ANGLE_FRONT_TO_SIDE,-111.926334688661,33.3919825546845,4,NOT_REPORTED_255,"2013/04/24 08:08:00",NO_IMPROPER_ACTION,FAILED_TO_YIELD_RIGHT_OF_WAY_103,142,0.00097309334907
2517510,2,SIDESWIPE_SAME_DIRECTION,-111.933825494819,33.4219616440088,3,UNKNOWN_99,"2011/04/20 15:31:00",NO_IMPROPER_ACTION,NOT_APPLICABLE_MINUS_1+UNSAFE_LANE_CHANGE,115,0.0009804683382
2316298,2,ANGLE_FRONT_TO_SIDE,-111.910090975478,33.4075106802413,3,NOT_AT_INTERSECTION_0,"2009/06/12 13:25:00",DROVE_RODE_IN_OPPOSING_TRAFFIC_LANE,NO_IMPROPER_ACTION,159,0.00098703696039
2599226,2,ANGLE_FRONT_TO_SIDE,-111.910099578737,33.4074967162216,2,UNKNOWN_99,"2012/01/09 17:02:00",NO_IMPROPER_ACTION,NO_IMPROPER_ACTION,159,0.00099462168991
2540881,2,ANGLE_FRONT_TO_SIDE,-111.945973027338,33.3770990489766,3,NOT_REPORTED_255,"2011/07/06 23:47:00",NO_IMPROPER_ACTION,INATTENTION_DISTRACTION,126,0.00100670281923
2662980,2,ANGLE_FRONT_TO_SIDE,-111.926284683281,33.415718781075,1,UNKNOWN_99,"2012/10/28 18:48:00",NO_IMPROPER_ACTION,SPEED_TOO_FAST_FOR_CONDITIONS,135,0.00102987342583
2487650,2,ANGLE_FRONT_TO_SIDE,-111.934920842686,33.4135363774999,2,FOUR_WAY_INTERSECTION,"2011/01/18 08:51:00",NO_IMPROPER_ACTION,OTHER_97,133,0.00103273110006
2594004,2,OTHER_97,-111.926296010455,33.4209992576234,1,T_INTERSECTION,"2011/11/28 01:04:00",OTHER_97,NO_IMPROPER_ACTION,117,0.00104574664981
2315091,2,ANGLE_FRONT_TO_SIDE,-111.926302897429,33.4064083686158,3,T_INTERSECTION,"2009/06/20 12:55:00",DROVE_RODE_IN_OPPOSING_TRAFFIC_LANE+NOT_APPLICABLE_MINUS_1,OTHER_97,138,0.00105668707909
2670164,2,ANGLE_FRONT_TO_SIDE,-111.926213874929,33.4209812629063,3,T_INTERSECTION,"2012/08/26 17:03:00",OTHER_97,NO_IMPROPER_ACTION,117,0.00106713770537
2669953,2,ANGLE_FRONT_TO_SIDE,-111.910184779214,33.4074967348176,3,UNKNOWN_99,"2012/11/14 17:54:00",NO_IMPROPER_ACTION,FAILED_TO_YIELD_RIGHT_OF_WAY_103,159,0.00107966205875
2785936,2,ANGLE_FRONT_TO_SIDE,-111.90911290894,33.406350412251,2,NOT_AT_INTERSECTION_0,"2013/11/26 13:30:00",UNKNOWN_99,NO_IMPROPER_ACTION,159,0.00108260387485
2365905,2,ANGLE_FRONT_TO_SIDE,-111.911175753644,33.3502229582272,1,T_INTERSECTION,"2009/12/17 19:01:00",DROVE_RODE_IN_OPPOSING_TRAFFIC_LANE,OTHER_97,127,0.00108276811253
2291781,2,HEAD_ON,-111.944391890932,33.3782086506527,3,NOT_AT_INTERSECTION_0,"2009/04/03 23:15:00",OTHER_97,FAILED_TO_YIELD_RIGHT_OF_WAY_103,126,0.0010854455828
2504851,2,ANGLE_FRONT_TO_SIDE,-111.926157011893,33.4209688049932,2,T_INTERSECTION,"2011/03/23 09:38:00",DROVE_RODE_IN_OPPOSING_TRAFFIC_LANE,NO_IMPROPER_ACTION+NOT_APPLICABLE_MINUS_1,117,0.00108552121821
2650778,3,ANGLE_FRONT_TO_SIDE,-111.926144375665,33.4209660365646,3,T_INTERSECTION,"2012/07/17 08:09:00",OTHER_97+OTHER_97,NO_IMPROPER_ACTION,117,0.0010899865962
2595142,2,OTHER_97,-111.926106466986,33.4209577312709,2,T_INTERSECTION,"2012/02/22 18:24:00",NO_IMPROPER_ACTION,NOT_APPLICABLE_MINUS_1+FAILED_TO_YIELD_RIGHT_OF_WAY_103,117,0.00110418397505
2621532,2,ANGLE_FRONT_TO_SIDE,-111.891960799145,33.4209066119894,2,NOT_REPORTED_255,"2012/06/01 20:44:00",UNKNOWN_99,UNKNOWN_99,161,0.00110640890197
2344079,2,LEFT_TURN,-111.940028633504,33.4243613005549,2,FOUR_WAY_INTERSECTION,"2009/09/29 15:45:00",FAILED_TO_YIELD_RIGHT_OF_WAY_103,NO_IMPROPER_ACTION+NOT_APPLICABLE_MINUS_1+NOT_APPLICABLE_MINUS_1,106,0.00110776172234
2630003,2,LEFT_TURN,-111.940003431612,33.4243422382834,3,FOUR_WAY_INTERSECTION,"2012/04/26 20:25:00",NO_IMPROPER_ACTION,MADE_IMPROPER_TURN,106,0.00112155057291
2785840,2,UNKNOWN_99,-111.940003431612,33.4243422382834,3,NOT_AT_INTERSECTION_0,"2013/06/25 18:30:00",NO_IMPROPER_ACTION,INATTENTION_DISTRACTION,106,0.00112155057291
2785742,2,ANGLE_FRONT_TO_SIDE,-111.956467570159,33.4424790442324,2,FOUR_WAY_INTERSECTION,"2013/11/14 17:57:00",NO_IMPROPER_ACTION,FAILED_TO_YIELD_RIGHT_OF_WAY_103,158,0.00112274045096
2517458,2,ANGLE_FRONT_TO_SIDE,-111.926271361786,33.4085555752623,3,UNKNOWN_99,"2011/04/08 11:40:00",OTHER_97,UNKNOWN_99,138,0.00112402478712
2446375,2,LEFT_TURN,-111.956477362808,33.4424900075104,2,NOT_AT_INTERSECTION_0,"2010/09/27 11:25:00",UNKNOWN_99,UNKNOWN_99,158,0.00112429745087
2734403,2,ANGLE_FRONT_TO_SIDE,-111.911209514594,33.3578622750642,3,UNKNOWN_99,"2013/05/31 08:46:00",NO_IMPROPER_ACTION,DISREGARDED_TRAFFIC_SIGNAL,124,0.00113832144464
2679243,2,ANGLE_FRONT_TO_SIDE,-111.92515502391,33.4220239591493,2,UNKNOWN_99,"2012/11/07 19:05:00",FAILED_TO_YIELD_RIGHT_OF_WAY_103,NOT_APPLICABLE_MINUS_1+NOT_APPLICABLE_MINUS_1+NO_IMPROPER_ACTION,117,0.00114416957305
2332930,2,ANGLE_FRONT_TO_SIDE,-111.911175716819,33.3503136541805,3,NOT_AT_INTERSECTION_0,"2009/08/15 14:54:00",DROVE_RODE_IN_OPPOSING_TRAFFIC_LANE,NO_IMPROPER_ACTION,127,0.00117294142517
2456868,2,ANGLE_FRONT_TO_SIDE,-111.939836735013,33.4085335995722,3,UNKNOWN_99,"2010/10/04 14:06:00",OTHER_97,NO_IMPROPER_ACTION,146,0.00119655333222
2487693,2,ANGLE_FRONT_TO_SIDE,-111.926277417489,33.4062545606329,1,UNKNOWN_99,"2011/01/14 16:20:00",NO_IMPROPER_ACTION,INATTENTION_DISTRACTION,138,0.00120388393216
2289728,2,SIDESWIPE_SAME_DIRECTION,-111.940028246569,33.4242623847205,1,FOUR_WAY_INTERSECTION,"2009/04/04 02:13:00",INATTENTION_DISTRACTION,NO_IMPROPER_ACTION,106,0.00120462977247
2673855,2,ANGLE_FRONT_TO_SIDE,-111.907901102526,33.4074948182644,1,UNKNOWN_99,"2012/11/21 17:51:00",DROVE_RODE_IN_OPPOSING_TRAFFIC_LANE,NO_IMPROPER_ACTION,159,0.001207480938
2353239,2,ANGLE_FRONT_TO_SIDE,-111.927928198452,33.4147645552982,2,NOT_AT_INTERSECTION_0,"2009/10/05 16:22:00",DROVE_RODE_IN_OPPOSING_TRAFFIC_LANE,NO_IMPROPER_ACTION,134,0.00121373918972
2742994,2,ANGLE_FRONT_TO_SIDE,-111.938282729037,33.3928713281612,2,UNKNOWN_99,"2013/06/28 11:05:00",DROVE_RODE_IN_OPPOSING_TRAFFIC_LANE,FAILED_TO_YIELD_RIGHT_OF_WAY_103,144,0.0012165346568
2510339,2,LEFT_TURN,-111.927528274706,33.4220129461272,2,UNKNOWN_99,"2011/03/01 17:03:00",NO_IMPROPER_ACTION,INATTENTION_DISTRACTION+NOT_APPLICABLE_MINUS_1+NOT_APPLICABLE_MINUS_1,117,0.00122969254433
2481200,2,ANGLE_FRONT_TO_SIDE,-111.936035907522,33.3928927435845,3,UNKNOWN_99,"2010/12/23 13:58:00",DROVE_RODE_IN_OPPOSING_TRAFFIC_LANE,NO_IMPROPER_ACTION,141,0.00123878973022
2722990,2,SIDESWIPE_SAME_DIRECTION,-111.92505671,33.4220238468587,3,FOUR_WAY_INTERSECTION,"2013/05/10 07:33:00",NO_IMPROPER_ACTION,UNSAFE_LANE_CHANGE,117,0.00124247007991
2427468,2,ANGLE_FRONT_TO_SIDE,-111.923685580489,33.417895735967,2,NOT_AT_INTERSECTION_0,"2010/07/06 16:34:00",MADE_IMPROPER_TURN,NO_IMPROPER_ACTION,155,0.00124859106754
2718143,2,OTHER_97,-111.926271422729,33.4086957406056,2,NOT_REPORTED_255,"2013/04/25 12:54:00",OTHER_97,NO_IMPROPER_ACTION,138,0.00126270642092
2656439,2,SIDESWIPE_SAME_DIRECTION,-111.924840873062,33.4147661843831,3,NOT_AT_INTERSECTION_0,"2012/09/09 00:10:00",NO_IMPROPER_ACTION,OTHER_UNSAFE_PASSING,131,0.00126295439069
2343800,2,ANGLE_FRONT_TO_SIDE,-111.935970253095,33.4074344165094,1,T_INTERSECTION,"2009/09/29 21:35:00",DROVE_RODE_IN_OPPOSING_TRAFFIC_LANE,NO_IMPROPER_ACTION,139,0.0012712971493
2650857,2,ANGLE_FRONT_TO_SIDE,-111.945551770293,33.4218933664333,3,UNKNOWN_99,"2012/07/06 12:45:00",OTHER_97,UNKNOWN_99,163,0.00128577044909
2274779,2,ANGLE_FRONT_TO_SIDE,-111.927385424736,33.41476562182,3,T_INTERSECTION,"2009/02/25 16:53:00",NO_IMPROPER_ACTION,FAILED_TO_YIELD_RIGHT_OF_WAY_103+NOT_APPLICABLE_MINUS_1,131,0.00129306305892
2502035,2,ANGLE_FRONT_TO_SIDE,-111.939879625953,33.4133514531722,3,NOT_AT_INTERSECTION_0,"2011/03/08 19:09:00",KNOWINGLY_OPERATED_WITH_FAULTY_MISSING_EQUIPMENT,OTHER_97,113,0.00129605707437
2405711,2,ANGLE_FRONT_TO_SIDE,-111.926304253954,33.3989661764691,2,NOT_AT_INTERSECTION_0,"2010/04/20 08:43:00",NO_IMPROPER_ACTION,FAILED_TO_YIELD_RIGHT_OF_WAY_103,129,0.00129633674784
2470446,2,REAR_TO_SIDE,-111.942538213076,33.4232044032858,1,UNKNOWN_99,"2010/11/22 17:15:00",DROVE_RODE_IN_OPPOSING_TRAFFIC_LANE,NO_IMPROPER_ACTION,119,0.00130428606801
2588985,2,ANGLE_FRONT_TO_SIDE,-111.939932811949,33.4176334069394,1,UNKNOWN_99,"2011/10/25 15:55:00",NO_IMPROPER_ACTION,FAILED_TO_YIELD_RIGHT_OF_WAY_103,111,0.00131840130245
2388930,2,ANGLE_FRONT_TO_SIDE,-111.945776777738,33.421900267624,4,T_INTERSECTION,"2010/02/19 12:03:00",DROVE_RODE_IN_OPPOSING_TRAFFIC_LANE,NO_IMPROPER_ACTION,120,0.00132337682478
2397499,2,LEFT_TURN,-111.93993276039,33.4176224169105,3,T_INTERSECTION,"2010/03/13 09:53:00",NO_IMPROPER_ACTION,DISREGARDED_TRAFFIC_SIGNAL,111,0.0013293298577
2440197,2,ANGLE_FRONT_TO_SIDE,-111.945764689121,33.4218921970362,1,T_INTERSECTION,"2010/08/19 13:33:00",OTHER_97,NO_IMPROPER_ACTION,120,0.00133514534116
2682447,2,ANGLE_FRONT_TO_SIDE,-111.91904405729,33.4147605728809,2,NOT_AT_INTERSECTION_0,"2013/01/04 16:36:00",OTHER_97,NO_IMPROPER_ACTION,132,0.0013461473703
2496311,2,ANGLE_FRONT_TO_SIDE,-111.924945287569,33.4220237195018,3,UNKNOWN_99,"2011/02/16 12:28:00",NO_IMPROPER_ACTION,OTHER_97,117,0.00135387968647
2757302,2,ANGLE_FRONT_TO_SIDE,-111.939932618602,33.417592194331,2,T_INTERSECTION,"2013/08/27 15:58:00",DISREGARDED_TRAFFIC_SIGNAL,NO_IMPROPER_ACTION,111,0.0013593885055
2648405,2,ANGLE_FRONT_TO_SIDE,-111.934962195229,33.4231970019194,1,T_INTERSECTION,"2012/04/13 12:52:00",NO_IMPROPER_ACTION,OTHER_97,115,0.00136181565303
2450474,2,ANGLE_FRONT_TO_SIDE,-111.930102886982,33.4159557663974,1,UNKNOWN_99,"2010/09/22 11:08:00",INATTENTION_DISTRACTION,INATTENTION_DISTRACTION,153,0.00137069876084
2678780,2,ANGLE_FRONT_TO_SIDE,-111.945636722988,33.4218934481914,1,UNKNOWN_99,"2012/12/13 13:14:00",DROVE_RODE_IN_OPPOSING_TRAFFIC_LANE,NO_IMPROPER_ACTION,163,0.00137072309907
2707052,2,ANGLE_FRONT_TO_SIDE,-111.941170879001,33.4254961383258,1,T_INTERSECTION,"2013/03/19 16:45:00",NO_IMPROPER_ACTION,FAILED_TO_YIELD_RIGHT_OF_WAY_103,106,0.00137283178933
2670197,2,LEFT_TURN,-111.939968798387,33.4205820907595,3,T_INTERSECTION,"2012/09/06 19:44:00",KNOWINGLY_OPERATED_WITH_FAULTY_MISSING_EQUIPMENT,OTHER_97,118,0.00137344569971
2292035,2,ANGLE_FRONT_TO_SIDE,-111.950824088495,33.4219026886463,4,NOT_AT_INTERSECTION_0,"2009/04/09 15:51:00",OTHER_97,NO_IMPROPER_ACTION,121,0.00137612122521
2517385,2,ANGLE_FRONT_TO_SIDE,-111.924922347657,33.4220236932689,3,UNKNOWN_99,"2011/04/26 14:55:00",NO_IMPROPER_ACTION,MADE_IMPROPER_TURN,117,0.00137681721745
2372307,2,SIDESWIPE_SAME_DIRECTION,-111.940027699478,33.4240865239888,3,FOUR_WAY_INTERSECTION,"2009/12/19 20:29:00",NO_IMPROPER_ACTION,NOT_APPLICABLE_MINUS_1+FAILED_TO_YIELD_RIGHT_OF_WAY_103+NOT_APPLICABLE_MINUS_1+NOT_APPLICABLE_MINUS_1,106,0.00137759229246
2517326,2,ANGLE_FRONT_TO_SIDE,-111.924917759674,33.4220236880218,2,UNKNOWN_99,"2011/04/07 19:35:00",NO_IMPROPER_ACTION,INATTENTION_DISTRACTION,117,0.0013814047338
2331810,2,SIDESWIPE_SAME_DIRECTION,-111.926359437154,33.3943242591321,3,NOT_AT_INTERSECTION_0,"2009/08/03 10:23:00",OTHER_97,NO_IMPROPER_ACTION,142,0.00138768158808
2655764,2,ANGLE_FRONT_TO_SIDE,-111.939656730964,33.4059471828936,2,T_INTERSECTION,"2012/06/26 07:39:00",OTHER_97,NO_IMPROPER_ACTION,146,0.00139845605378
2627630,2,ANGLE_FRONT_TO_SIDE,-111.944072708466,33.3782122043593,1,UNKNOWN_99,"2012/05/08 18:08:00",DROVE_RODE_IN_OPPOSING_TRAFFIC_LANE,INATTENTION_DISTRACTION,126,0.00139858738011
2373836,2,ANGLE_FRONT_TO_SIDE,-111.939996166719,33.4205599861521,4,T_INTERSECTION,"2009/12/03 12:46:00",NO_IMPROPER_ACTION,EXCEEDED_LAWFUL_SPEED,118,0.00139897751017
2718210,2,LEFT_TURN,-111.952205611437,33.4232481660495,2,T_INTERSECTION,"2013/04/17 17:46:00",NO_IMPROPER_ACTION,NOT_APPLICABLE_MINUS_1+NOT_APPLICABLE_MINUS_1+FAILED_TO_YIELD_RIGHT_OF_WAY_103,121,0.0014031816253
2513417,2,ANGLE_FRONT_TO_SIDE,-111.944499513576,33.3636716296475,2,UNKNOWN_99,"2011/04/14 18:12:00",NO_IMPROPER_ACTION,INATTENTION_DISTRACTION,148,0.00140411790332
2696770,2,OTHER_97,-111.959301484288,33.39286970073,2,NOT_REPORTED_255,"2013/02/08 15:49:00",FAILED_TO_YIELD_RIGHT_OF_WAY_103,NO_IMPROPER_ACTION,140,0.00140773243394
2624775,2,OTHER_97,-111.9262785329,33.4060485135517,3,NOT_REPORTED_255,"2012/05/28 20:11:00",NO_IMPROPER_ACTION,INATTENTION_DISTRACTION,138,0.00140810742782
2459554,2,ANGLE_FRONT_TO_SIDE,-111.924876467832,33.4220236407903,2,UNKNOWN_99,"2010/10/06 17:52:00",OTHER_97,INATTENTION_DISTRACTION,117,0.00142269251241
2459468,2,HEAD_ON,-111.927725676337,33.422010450926,2,UNKNOWN_99,"2010/10/19 14:55:00",DROVE_RODE_IN_OPPOSING_TRAFFIC_LANE,NO_IMPROPER_ACTION,117,0.00142709460411
2490561,2,ANGLE_FRONT_TO_SIDE,-111.939956174252,33.4203682236571,3,UNKNOWN_99,"2011/01/31 18:49:00",UNKNOWN_99,UNKNOWN_99,111,0.00143187615513
2350840,2,ANGLE_FRONT_TO_SIDE,-111.939622729743,33.3943025683909,3,NOT_AT_INTERSECTION_0,"2009/10/05 17:36:00",NO_IMPROPER_ACTION,FAILED_TO_YIELD_RIGHT_OF_WAY_103,144,0.00146181412179
2630879,3,ANGLE_FRONT_TO_SIDE,-111.926315994823,33.3944112192405,2,UNKNOWN_99,"2012/04/06 14:52:00",NO_IMPROPER_ACTION,NO_IMPROPER_ACTION+NOT_APPLICABLE_MINUS_1+OTHER_97,142,0.00146996265292
2734589,2,ANGLE_FRONT_TO_SIDE,-111.924827310878,33.4220235845443,1,T_INTERSECTION,"2013/06/03 14:17:00",OTHER_97,NO_IMPROPER_ACTION,117,0.0014718449285
2756464,2,ANGLE_FRONT_TO_SIDE,-111.924827310878,33.4220235845443,3,NOT_REPORTED_255,"2013/08/14 13:51:00",OTHER_97,NO_IMPROPER_ACTION+NOT_APPLICABLE_MINUS_1,117,0.0014718449285